PassengerId,Survived,Pclass,Sex,Age,SibSp,Parch,Fare,Embarked_Q,Embarked_S
1,0,3,0,-0.5657364610748746,0.4327933656785018,-0.4736736092984604,-0.5024451714361923,0,1
2,1,1,1,0.6638610320657843,0.4327933656785018,-0.4736736092984604,0.7868452935884461,0,0
3,1,3,1,-0.2583370877897099,-0.47454519624983954,-0.4736736092984604,-0.4888542575852486,0,1
4,1,1,1,0.4333115021019107,0.4327933656785018,-0.4736736092984604,0.4207302360686478,0,1
5,0,3,0,0.4333115021019107,-0.47454519624983954,-0.4736736092984604,-0.4863374216869257,0,1
6,0,3,0,-0.10463740114712752,-0.47454519624983954,-0.4736736092984604,-0.47811642890864375,1,0
7,0,1,0,1.893458525206443,-0.47454519624983954,-0.4736736092984604,0.395813560675251,0,1
8,0,3,0,-2.1027333275006983,2.2474704895351842,0.7676298785983874,-0.22408312108167944,0,1
9,1,3,1,-0.1814872444684187,-0.47454519624983954,2.0089333664952354,-0.4242561406845337,0,1
10,1,2,1,-1.180535207645204,0.4327933656785018,-0.4736736092984604,-0.04295550208861426,0,0
11,1,3,1,-1.949033640858116,0.4327933656785018,0.7676298785983874,-0.312172377522981,0,1
12,1,1,1,2.200857898491608,-0.47454519624983954,-0.4736736092984604,-0.11384570873513637,0,1
13,0,3,0,-0.719436147717457,-0.47454519624983954,-0.4736736092984604,-0.4863374216869257,0,1
15,0,3,1,-1.180535207645204,-0.47454519624983954,-0.4736736092984604,-0.4902797934380587,0,1
16,1,2,1,1.9703083685277343,-0.47454519624983954,-0.4736736092984604,-0.3262666585535892,0,1
18,1,2,0,-0.10463740114712752,-0.47454519624983954,-0.4736736092984604,-0.3866707201133388,0,1
19,0,3,1,0.12591212881674602,0.4327933656785018,-0.4736736092984604,-0.2859972841804228,0,1
20,1,3,1,-0.10463740114712752,-0.47454519624983954,-0.4736736092984604,-0.5029485386158568,0,0
21,0,2,0,0.4333115021019107,-0.47454519624983954,-0.4736736092984604,-0.12491978668775715,0,1
22,1,2,0,0.35646165878061953,-0.47454519624983954,-0.4736736092984604,-0.3866707201133388,0,1
23,1,3,1,-1.1036853643239128,-0.47454519624983954,-0.4736736092984604,-0.4867562231804066,1,0
24,1,1,0,-0.10463740114712752,-0.47454519624983954,-0.4736736092984604,0.06635974158478332,0,1
25,0,3,1,-1.6416342675729512,2.2474704895351842,0.7676298785983874,-0.22408312108167944,0,1
27,0,3,0,-0.10463740114712752,-0.47454519624983954,-0.4736736092984604,-0.5029485386158568,0,0
29,1,3,1,-0.10463740114712752,-0.47454519624983954,-0.4736736092984604,-0.48977642625839407,1,0
30,0,3,0,-0.10463740114712752,-0.47454519624983954,-0.4736736092984604,-0.4894421904510968,0,1
31,0,1,0,0.8175607187083667,-0.47454519624983954,-0.4736736092984604,-0.09027201697708476,0,0
32,1,1,1,-0.10463740114712752,0.4327933656785018,-0.4736736092984604,2.301728820789,0,0
33,1,3,1,-0.10463740114712752,-0.47454519624983954,-0.4736736092984604,-0.49237782784290063,1,0
34,0,2,0,2.8156566450619374,-0.47454519624983954,-0.4736736092984604,-0.43700743807979686,0,1
35,0,1,0,-0.10463740114712752,0.4327933656785018,-0.4736736092984604,1.0060617003323709,0,0
36,0,1,0,0.9712604053509489,0.4327933656785018,-0.4736736092984604,0.39858208016340624,0,1
37,1,3,0,-0.10463740114712752,-0.47454519624983954,-0.4736736092984604,-0.5028639729296732,0,0
38,0,3,0,-0.6425863043961658,-0.47454519624983954,-0.4736736092984604,-0.4863374216869257,0,1
39,0,3,1,-0.8731358343600393,1.340131927606843,-0.4736736092984604,-0.2859972841804228,0,1
40,1,3,1,-1.180535207645204,0.4327933656785018,-0.4736736092984604,-0.42207354059350805,0,0
41,0,3,1,0.8175607187083667,0.4327933656785018,-0.4736736092984604,-0.4576454924460446,0,1
42,0,2,1,-0.1814872444684187,0.4327933656785018,-0.4736736092984604,-0.22559322262067316,0,1
43,0,3,0,-0.10463740114712752,-0.47454519624983954,-0.4736736092984604,-0.4894421904510968,0,0
44,1,2,1,-2.025883484179407,0.4327933656785018,2.0089333664952354,0.18876253192945994,0,0
45,1,3,1,-0.7962859910387481,-0.47454519624983954,-0.4736736092984604,-0.48977642625839407,1,0
46,0,3,0,-0.10463740114712752,-0.47454519624983954,-0.4736736092984604,-0.4863374216869257,0,1
47,0,3,0,-0.10463740114712752,0.4327933656785018,-0.4736736092984604,-0.3363340021468808,1,0
48,1,3,1,-0.10463740114712752,-0.47454519624983954,-0.4736736092984604,-0.49237782784290063,1,0
49,0,3,0,-0.10463740114712752,1.340131927606843,-0.4736736092984604,-0.21191774308354583,0,0
50,0,3,1,-0.8731358343600393,0.4327933656785018,-0.4736736092984604,-0.29002422161773944,0,1
52,0,3,0,-0.6425863043961658,-0.47454519624983954,-0.4736736092984604,-0.4913710934835715,0,1
53,1,1,1,1.5092093085999871,0.4327933656785018,-0.4736736092984604,0.8964967865378598,0,0
54,1,2,1,-0.027787557825836348,0.4327933656785018,-0.4736736092984604,-0.12491978668775715,0,1
55,0,1,0,2.738806801740646,-0.47454519624983954,0.7676298785983874,0.5995101505357573,0,0
56,1,1,0,-0.10463740114712752,-0.47454519624983954,-0.4736736092984604,0.06635974158478332,0,1
57,1,2,1,-0.6425863043961658,-0.47454519624983954,-0.4736736092984604,-0.43700743807979686,0,1
58,0,3,0,-0.06621247948648194,-0.47454519624983954,-0.4736736092984604,-0.5028639729296732,0,0
59,1,2,1,-1.8721837975368247,0.4327933656785018,2.0089333664952354,-0.08968408411123653,0,1
61,0,3,0,-0.5657364610748746,-0.47454519624983954,-0.4736736092984604,-0.5028639729296732,0,0
62,1,1,1,0.6638610320657843,-0.47454519624983954,-0.4736736092984604,0.962353321387736,0,1
63,0,1,0,1.2018099353148226,0.4327933656785018,-0.4736736092984604,1.0323213593611125,0,1
64,0,3,0,-1.949033640858116,2.2474704895351842,2.0089333664952354,-0.08666388103324908,0,1
65,0,1,0,-0.10463740114712752,-0.47454519624983954,-0.4736736092984604,-0.09027201697708476,0,0
66,1,3,0,-0.10463740114712752,0.4327933656785018,0.7676298785983874,-0.3414522396297103,0,0
67,1,2,1,-0.027787557825836348,-0.47454519624983954,-0.4736736092984604,-0.43700743807979686,0,1
68,0,3,0,-0.7962859910387481,-0.47454519624983954,-0.4736736092984604,-0.4841568350646187,0,1
70,0,3,0,-0.2583370877897099,1.340131927606843,-0.4736736092984604,-0.47400492578514347,0,1
71,0,2,0,0.20276197213803718,-0.47454519624983954,-0.4736736092984604,-0.43700743807979686,0,1
73,0,2,0,-0.6425863043961658,-0.47454519624983954,-0.4736736092984604,0.8314778546749452,0,1
74,0,3,0,-0.2583370877897099,0.4327933656785018,-0.4736736092984604,-0.3573908580066095,0,0
75,1,3,0,0.20276197213803718,-0.47454519624983954,-0.4736736092984604,0.48910360681684706,0,1
76,0,3,0,-0.33518693111100106,-0.47454519624983954,-0.4736736092984604,-0.494391296561559,0,1
77,0,3,0,-0.10463740114712752,-0.47454519624983954,-0.4736736092984604,-0.4894421904510968,0,1
78,0,3,0,-0.10463740114712752,-0.47454519624983954,-0.4736736092984604,-0.4863374216869257,0,1
79,1,2,0,-2.192647644186609,-0.47454519624983954,2.0089333664952354,-0.06451572512800753,0,1
80,1,3,1,0.04906228549545483,-0.47454519624983954,-0.4736736092984604,-0.397241430886295,0,1
81,0,3,0,-0.5657364610748746,-0.47454519624983954,-0.4736736092984604,-0.46720946885967163,0,1
82,1,3,0,-0.027787557825836348,-0.47454519624983954,-0.4736736092984604,-0.45714212526638004,0,1
83,1,3,1,-0.10463740114712752,-0.47454519624983954,-0.4736736092984604,-0.49162277707340374,1,0
84,0,1,0,-0.10463740114712752,-0.47454519624983954,-0.4736736092984604,0.29992211294914856,0,1
85,1,2,1,-0.9499856776813305,-0.47454519624983954,-0.4736736092984604,-0.43700743807979686,0,1
86,1,3,1,0.27961181545932834,2.2474704895351842,-0.4736736092984604,-0.32928686163157667,0,1
88,0,3,0,-0.10463740114712752,-0.47454519624983954,-0.4736736092984604,-0.4863374216869257,0,1
90,0,3,0,-0.41203677443229225,-0.47454519624983954,-0.4736736092984604,-0.4863374216869257,0,1
91,0,3,0,-0.027787557825836348,-0.47454519624983954,-0.4736736092984604,-0.4863374216869257,0,1
92,0,3,0,-0.719436147717457,-0.47454519624983954,-0.4736736092984604,-0.4902797934380587,0,1
93,0,1,0,1.2786597786361138,0.4327933656785018,-0.4736736092984604,0.5833178351003071,0,1
94,0,3,0,-0.2583370877897099,0.4327933656785018,2.0089333664952354,-0.23415046467497105,0,1
95,0,3,0,2.277707741812899,-0.47454519624983954,-0.4736736092984604,-0.5024451714361923,0,1
96,0,3,0,-0.10463740114712752,-0.47454519624983954,-0.4736736092984604,-0.4863374216869257,0,1
98,1,1,0,-0.48888661775358344,-0.47454519624983954,0.7676298785983874,0.6272778976347743,0,0
99,1,2,1,0.35646165878061953,-0.47454519624983954,0.7676298785983874,-0.18532384824750675,0,1
100,0,2,0,0.35646165878061953,0.4327933656785018,-0.4736736092984604,-0.12491978668775715,0,1
101,0,3,1,-0.10463740114712752,-0.47454519624983954,-0.4736736092984604,-0.4894421904510968,0,1
102,0,3,0,-0.10463740114712752,-0.47454519624983954,-0.4736736092984604,-0.4894421904510968,0,1
103,0,1,0,-0.6425863043961658,-0.47454519624983954,0.7676298785983874,0.907737982394129,0,1
104,0,3,0,0.27961181545932834,-0.47454519624983954,-0.4736736092984604,-0.4741720436887921,0,1
105,0,3,0,0.5870111887444931,1.340131927606843,-0.4736736092984604,-0.4888542575852486,0,1
106,0,3,0,-0.10463740114712752,-0.47454519624983954,-0.4736736092984604,-0.4894421904510968,0,1
107,1,3,1,-0.6425863043961658,-0.47454519624983954,-0.4736736092984604,-0.494391296561559,0,1
108,1,3,0,-0.10463740114712752,-0.47454519624983954,-0.4736736092984604,-0.4918744606632361,0,1
109,0,3,0,0.6638610320657843,-0.47454519624983954,-0.4736736092984604,-0.4894421904510968,0,1
110,1,3,1,-0.10463740114712752,0.4327933656785018,-0.4736736092984604,-0.1621689579829361,1,0
111,0,1,0,1.3555096219574048,-0.47454519624983954,-0.4736736092984604,0.39858208016340624,0,1
112,0,3,1,-1.1421102859845584,0.4327933656785018,-0.4736736092984604,-0.3573908580066095,0,0
113,0,3,0,-0.5657364610748746,-0.47454519624983954,-0.4736736092984604,-0.4863374216869257,0,1
114,0,3,1,-0.719436147717457,0.4327933656785018,-0.4736736092984604,-0.4505983519307405,0,1
115,0,3,1,-0.9499856776813305,-0.47454519624983954,-0.4736736092984604,-0.3573083057891445,0,0
116,0,3,0,-0.6425863043961658,-0.47454519624983954,-0.4736736092984604,-0.4888542575852486,0,1
118,0,2,0,-0.027787557825836348,0.4327933656785018,-0.4736736092984604,-0.22559322262067316,0,1
121,0,2,0,-0.6425863043961658,1.340131927606843,-0.4736736092984604,0.8314778546749452,0,1
122,0,3,0,-0.10463740114712752,-0.47454519624983954,-0.4736736092984604,-0.4863374216869257,0,1
123,0,2,0,0.24118689379868277,0.4327933656785018,-0.4736736092984604,-0.04295550208861426,0,0
124,1,2,1,0.24118689379868277,-0.47454519624983954,-0.4736736092984604,-0.3866707201133388,0,1
125,0,1,0,1.893458525206443,-0.47454519624983954,0.7676298785983874,0.907737982394129,0,1
126,1,3,0,-1.3342348942877864,0.4327933656785018,-0.4736736092984604,-0.42207354059350805,0,0
127,0,3,0,-0.10463740114712752,-0.47454519624983954,-0.4736736092984604,-0.49237782784290063,1,0
128,1,3,0,-0.41203677443229225,-0.47454519624983954,-0.4736736092984604,-0.5046257580584992,0,1
129,1,3,1,-0.10463740114712752,0.4327933656785018,0.7676298785983874,-0.19824427701513722,0,0
130,0,3,0,1.2018099353148226,-0.47454519624983954,-0.4736736092984604,-0.5079822104125026,0,1
131,0,3,0,0.27961181545932834,-0.47454519624983954,-0.4736736092984604,-0.4894421904510968,0,0
132,0,3,0,-0.719436147717457,-0.47454519624983954,-0.4736736092984604,-0.5064721088735089,0,1
133,0,3,1,1.3555096219574048,0.4327933656785018,-0.4736736092984604,-0.35646868933346404,0,1
134,1,2,1,-0.027787557825836348,0.4327933656785018,-0.4736736092984604,-0.12491978668775715,0,1
135,0,2,0,-0.33518693111100106,-0.47454519624983954,-0.4736736092984604,-0.3866707201133388,0,1
136,0,2,0,-0.48888661775358344,-0.47454519624983954,-0.4736736092984604,-0.3454791770670269,0,0
137,1,1,1,-0.7962859910387481,-0.47454519624983954,2.0089333664952354,-0.11921562980779811,0,1
138,0,1,0,0.5870111887444931,0.4327933656785018,-0.4736736092984604,0.4207302360686478,0,1
139,0,3,0,-1.0268355210026217,-0.47454519624983954,-0.4736736092984604,-0.4628462821463391,0,1
140,0,1,0,-0.41203677443229225,-0.47454519624983954,-0.4736736092984604,0.9462455716384695,0,0
141,0,3,1,-0.10463740114712752,-0.47454519624983954,2.0089333664952354,-0.3414522396297103,0,0
142,1,3,1,-0.5657364610748746,-0.47454519624983954,-0.4736736092984604,-0.49237782784290063,0,1
143,1,3,1,-0.41203677443229225,0.4327933656785018,-0.4736736092984604,-0.32928686163157667,0,1
144,0,3,0,-0.7962859910387481,-0.47454519624983954,-0.4736736092984604,-0.5125125150294839,1,0
145,0,2,0,-0.8731358343600393,-0.47454519624983954,-0.4736736092984604,-0.41687275089321363,0,1
146,0,2,0,-0.7962859910387481,0.4327933656785018,0.7676298785983874,0.09152810056801232,0,1
147,1,3,0,-0.1814872444684187,-0.47454519624983954,-0.4736736092984604,-0.49145565916975514,0,1
148,0,3,1,-1.56478442425166,1.340131927606843,2.0089333664952354,0.04370821849987721,0,1
149,0,2,0,0.5485862670838475,-0.47454519624983954,2.0089333664952354,-0.12491978668775715,0,1
150,0,2,0,0.9712604053509489,-0.47454519624983954,-0.4736736092984604,-0.3866707201133388,0,1
151,0,2,0,1.6629089952425695,-0.47454519624983954,-0.4736736092984604,-0.39623469652696586,0,1
152,1,1,1,-0.5657364610748746,0.4327933656785018,-0.4736736092984604,0.6925485130875209,0,1
153,0,3,0,2.00873329018838,-0.47454519624983954,-0.4736736092984604,-0.4863374216869257,0,1
154,0,3,0,0.8559856403690123,-0.47454519624983954,2.0089333664952354,-0.35646868933346404,0,1
155,0,3,0,-0.10463740114712752,-0.47454519624983954,-0.4736736092984604,-0.5011867534870308,0,1
156,0,1,0,1.6629089952425695,-0.47454519624983954,0.7676298785983874,0.5874293382238074,0,0
157,1,3,1,-1.0268355210026217,-0.47454519624983954,-0.4736736092984604,-0.49271407711891657,1,0
158,0,3,0,0.04906228549545483,-0.47454519624983954,-0.4736736092984604,-0.4863374216869257,0,1
159,0,3,0,-0.10463740114712752,-0.47454519624983954,-0.4736736092984604,-0.47400492578514347,0,1
161,0,3,0,1.1249600919935314,-0.47454519624983954,0.7676298785983874,-0.32425318983493084,0,1
162,1,2,1,0.8175607187083667,-0.47454519624983954,-0.4736736092984604,-0.331300330350235,0,1
163,0,3,0,-0.2583370877897099,-0.47454519624983954,-0.4736736092984604,-0.4918744606632361,0,1
164,0,3,0,-0.9499856776813305,-0.47454519624983954,-0.4736736092984604,-0.47400492578514347,0,1
166,1,3,0,-1.56478442425166,-0.47454519624983954,2.0089333664952354,-0.2351571990343002,0,1
167,1,1,1,-0.10463740114712752,-0.47454519624983954,0.7676298785983874,0.4589861417231558,0,1
169,0,1,0,-0.10463740114712752,-0.47454519624983954,-0.4736736092984604,-0.12642988822675086,0,1
170,0,3,0,-0.10463740114712752,-0.47454519624983954,-0.4736736092984604,0.48910360681684706,0,1
171,0,1,0,2.4314074284554814,-0.47454519624983954,-0.4736736092984604,0.026090367211616904,0,1
173,1,3,1,-2.1795831708219895,0.4327933656785018,0.7676298785983874,-0.4242561406845337,0,1
174,0,3,0,-0.6425863043961658,-0.47454519624983954,-0.4736736092984604,-0.4888542575852486,0,1
175,0,1,0,2.0471582118490255,-0.47454519624983954,-0.4736736092984604,-0.030371322596999754,0,0
176,0,3,0,-0.8731358343600393,0.4327933656785018,0.7676298785983874,-0.4902797934380587,0,1
177,0,3,0,-0.10463740114712752,2.2474704895351842,0.7676298785983874,-0.13565761536436197,0,1
178,0,1,1,1.5860591519212783,-0.47454519624983954,-0.4736736092984604,-0.07030444769415023,0,0
179,0,2,0,0.04906228549545483,-0.47454519624983954,-0.4736736092984604,-0.3866707201133388,0,1
180,0,3,0,0.5101613454232019,-0.47454519624983954,-0.4736736092984604,-0.6484216535389205,0,1
182,0,2,0,-0.10463740114712752,-0.47454519624983954,-0.4736736092984604,-0.34539461138084326,0,0
184,1,2,0,-2.1795831708219895,1.340131927606843,0.7676298785983874,0.13683114673782454,0,1
185,1,3,1,-1.949033640858116,-0.47454519624983954,2.0089333664952354,-0.20495516825442542,0,1
186,0,1,0,-0.10463740114712752,-0.47454519624983954,-0.4736736092984604,0.3583127057902398,0,1
187,1,3,1,-0.10463740114712752,0.4327933656785018,-0.4736736092984604,-0.3363340021468808,1,0
188,1,1,0,1.2018099353148226,-0.47454519624983954,-0.4736736092984604,-0.11384570873513637,0,1
189,0,3,0,0.8175607187083667,0.4327933656785018,0.7676298785983874,-0.3363340021468808,1,0
190,0,3,0,0.5101613454232019,-0.47454519624983954,-0.4736736092984604,-0.4894421904510968,0,1
191,1,2,1,0.20276197213803718,-0.47454519624983954,-0.4736736092984604,-0.3866707201133388,0,1
192,0,2,0,-0.7962859910387481,-0.47454519624983954,-0.4736736092984604,-0.3866707201133388,0,1
193,1,3,1,-0.7962859910387481,0.4327933656785018,-0.4736736092984604,-0.4902797934380587,0,1
194,1,2,0,-2.025883484179407,0.4327933656785018,0.7676298785983874,-0.12491978668775715,0,1
195,1,1,1,1.1249600919935314,-0.47454519624983954,-0.4736736092984604,-0.09027201697708476,0,0
196,1,1,1,2.200857898491608,-0.47454519624983954,-0.4736736092984604,2.301728820789,0,0
197,0,3,0,-0.10463740114712752,-0.47454519624983954,-0.4736736092984604,-0.49237782784290063,1,0
198,0,3,0,0.9712604053509489,-0.47454519624983954,0.7676298785983874,-0.47920571548543794,0,1
199,1,3,1,-0.10463740114712752,-0.47454519624983954,-0.4736736092984604,-0.49237782784290063,1,0
200,0,2,1,-0.41203677443229225,-0.47454519624983954,-0.4736736092984604,-0.3866707201133388,0,1
201,0,3,0,-0.10463740114712752,-0.47454519624983954,-0.4736736092984604,-0.45714212526638004,0,1
203,0,3,0,0.35646165878061953,-0.47454519624983954,-0.4736736092984604,-0.5176307525123133,0,1
204,0,3,0,1.2402348569754682,-0.47454519624983954,-0.4736736092984604,-0.5029485386158568,0,0
205,1,3,0,-0.8731358343600393,-0.47454519624983954,-0.4736736092984604,-0.4863374216869257,0,1
206,0,3,1,-2.1027333275006983,-0.47454519624983954,0.7676298785983874,-0.43776248884929375,0,1
207,0,3,0,0.20276197213803718,0.4327933656785018,-0.4736736092984604,-0.32928686163157667,0,1
208,1,3,0,-0.2583370877897099,-0.47454519624983954,-0.4736736092984604,-0.2701412180209885,0,0
209,1,3,1,-1.0268355210026217,-0.47454519624983954,-0.4736736092984604,-0.49237782784290063,1,0
210,1,1,0,0.8175607187083667,-0.47454519624983954,-0.4736736092984604,-0.024246350754841113,0,0
211,0,3,0,-0.41203677443229225,-0.47454519624983954,-0.4736736092984604,-0.5064721088735089,0,1
212,1,2,1,0.4333115021019107,-0.47454519624983954,-0.4736736092984604,-0.22559322262067316,0,1
213,0,3,0,-0.5657364610748746,-0.47454519624983954,-0.4736736092984604,-0.5024451714361923,0,1
214,0,2,0,0.04906228549545483,-0.47454519624983954,-0.4736736092984604,-0.3866707201133388,0,1
215,0,3,0,-0.10463740114712752,0.4327933656785018,-0.4736736092984604,-0.49237782784290063,1,0
216,1,1,1,0.12591212881674602,0.4327933656785018,-0.4736736092984604,1.6323350375212924,0,0
217,1,3,1,-0.1814872444684187,-0.47454519624983954,-0.4736736092984604,-0.4888542575852486,0,1
218,0,2,0,0.9712604053509489,0.4327933656785018,-0.4736736092984604,-0.10478509950117394,0,1
219,1,1,1,0.20276197213803718,-0.47454519624983954,-0.4736736092984604,0.8876878608937296,0,0
220,0,2,0,0.04906228549545483,-0.47454519624983954,-0.4736736092984604,-0.43700743807979686,0,1
221,1,3,0,-1.0268355210026217,-0.47454519624983954,-0.4736736092984604,-0.4863374216869257,0,1
222,0,2,0,-0.1814872444684187,-0.47454519624983954,-0.4736736092984604,-0.3866707201133388,0,1
223,0,3,0,1.6629089952425695,-0.47454519624983954,-0.4736736092984604,-0.4863374216869257,0,1
224,0,3,0,-0.10463740114712752,-0.47454519624983954,-0.4736736092984604,-0.4894421904510968,0,1
225,1,1,0,0.6638610320657843,0.4327933656785018,-0.4736736092984604,1.163700193253568,0,1
226,0,3,0,-0.5657364610748746,-0.47454519624983954,-0.4736736092984604,-0.4601623283443675,0,1
227,1,2,0,-0.7962859910387481,-0.47454519624983954,-0.4736736092984604,-0.43700743807979686,0,1
228,0,3,0,-0.6810112260568114,-0.47454519624983954,-0.4736736092984604,-0.5024451714361923,0,1
229,0,2,0,-0.8731358343600393,-0.47454519624983954,-0.4736736092984604,-0.3866707201133388,0,1
230,0,3,1,-0.10463740114712752,2.2474704895351842,0.7676298785983874,-0.13565761536436197,0,1
231,1,1,1,0.4333115021019107,0.4327933656785018,-0.4736736092984604,1.0323213593611125,0,1
232,0,3,0,-0.027787557825836348,-0.47454519624983954,-0.4736736092984604,-0.4918744606632361,0,1
233,0,2,0,2.277707741812899,-0.47454519624983954,-0.4736736092984604,-0.3766033765200472,0,1
235,0,2,0,-0.41203677443229225,-0.47454519624983954,-0.4736736092984604,-0.43700743807979686,0,1
236,0,3,1,-0.10463740114712752,-0.47454519624983954,-0.4736736092984604,-0.49640476528021726,0,1
237,0,2,0,1.1249600919935314,0.4327933656785018,-0.4736736092984604,-0.12491978668775715,0,1
238,1,2,1,-1.6416342675729512,-0.47454519624983954,2.0089333664952354,-0.11988611489111134,0,1
239,0,2,0,-0.7962859910387481,-0.47454519624983954,-0.4736736092984604,-0.43700743807979686,0,1
240,0,2,0,0.27961181545932834,-0.47454519624983954,-0.4736736092984604,-0.4012683683236117,0,1
241,0,3,1,-0.10463740114712752,0.4327933656785018,-0.4736736092984604,-0.3573908580066095,0,0
242,1,3,1,-0.10463740114712752,0.4327933656785018,-0.4736736092984604,-0.3363340021468808,1,0
243,0,2,0,-0.027787557825836348,-0.47454519624983954,-0.4736736092984604,-0.43700743807979686,0,1
244,0,3,0,-0.5657364610748746,-0.47454519624983954,-0.4736736092984604,-0.5049620073345151,0,1
245,0,3,0,0.04906228549545483,-0.47454519624983954,-0.4736736092984604,-0.5029485386158568,0,0
246,0,1,0,1.1249600919935314,1.340131927606843,-0.4736736092984604,1.163700193253568,1,0
247,0,3,1,-0.33518693111100106,-0.47454519624983954,-0.4736736092984604,-0.4918744606632361,0,1
248,1,2,1,-0.41203677443229225,-0.47454519624983954,2.0089333664952354,-0.35646868933346404,0,1
249,1,1,0,0.5870111887444931,0.4327933656785018,0.7676298785983874,0.40974072380221066,0,1
250,0,2,0,1.893458525206443,0.4327933656785018,-0.4736736092984604,-0.12491978668775715,0,1
251,0,3,0,-0.10463740114712752,-0.47454519624983954,-0.4736736092984604,-0.5024451714361923,0,1
252,0,3,1,-0.027787557825836348,0.4327933656785018,0.7676298785983874,-0.43776248884929375,0,1
253,0,1,0,2.5082572717767726,-0.47454519624983954,-0.4736736092984604,-0.11384570873513637,0,1
254,0,3,0,0.04906228549545483,0.4327933656785018,-0.4736736092984604,-0.32425318983493084,0,1
255,0,3,1,0.8944105620296577,-0.47454519624983954,2.0089333664952354,-0.2414492887801075,0,1
256,1,3,1,-0.027787557825836348,-0.47454519624983954,2.0089333664952354,-0.3414522396297103,0,0
257,1,1,1,-0.10463740114712752,-0.47454519624983954,-0.4736736092984604,0.9462455716384695,0,0
258,1,1,1,0.04906228549545483,-0.47454519624983954,-0.4736736092984604,1.093228788100527,0,1
260,1,2,1,1.5860591519212783,-0.47454519624983954,0.7676298785983874,-0.12491978668775715,0,1
261,0,3,0,-0.10463740114712752,-0.47454519624983954,-0.4736736092984604,-0.49237782784290063,1,0
263,0,1,0,1.7397588385638607,0.4327933656785018,0.7676298785983874,0.955306180872432,0,1
264,0,1,0,0.8175607187083667,-0.47454519624983954,-0.4736736092984604,-0.6484216535389205,0,1
265,0,3,1,-0.10463740114712752,-0.47454519624983954,-0.4736736092984604,-0.49237782784290063,1,0
266,0,2,0,0.5101613454232019,-0.47454519624983954,-0.4736736092984604,-0.43700743807979686,0,1
268,1,3,0,-0.33518693111100106,0.4327933656785018,-0.4736736092984604,-0.4918744606632361,0,1
269,1,1,1,2.200857898491608,-0.47454519624983954,0.7676298785983874,2.441497778832105,0,1
270,1,1,1,0.4333115021019107,-0.47454519624983954,-0.4736736092984604,2.0825124140450755,0,1
271,0,1,0,-0.10463740114712752,-0.47454519624983954,-0.4736736092984604,-0.024246350754841113,0,1
272,1,3,0,-0.33518693111100106,-0.47454519624983954,-0.4736736092984604,-0.6484216535389205,0,1
273,1,2,1,0.8944105620296577,-0.47454519624983954,0.7676298785983874,-0.255795253400548,0,1
274,0,1,0,0.5870111887444931,-0.47454519624983954,0.7676298785983874,-0.05042144409739929,0,0
275,1,3,1,-0.10463740114712752,-0.47454519624983954,-0.4736736092984604,-0.49237782784290063,1,0
276,1,1,1,2.585107115098064,0.4327933656785018,-0.4736736092984604,0.921244330558889,0,1
277,0,3,1,1.2018099353148226,-0.47454519624983954,-0.4736736092984604,-0.49237782784290063,0,1
278,0,2,0,-0.10463740114712752,-0.47454519624983954,-0.4736736092984604,-0.6484216535389205,0,1
280,1,3,1,0.4333115021019107,0.4327933656785018,0.7676298785983874,-0.24069423801061057,0,1
281,0,3,0,2.738806801740646,-0.47454519624983954,-0.4736736092984604,-0.49237782784290063,1,0
282,0,3,0,-0.10463740114712752,-0.47454519624983954,-0.4736736092984604,-0.4902797934380587,0,1
283,0,3,0,-1.0268355210026217,-0.47454519624983954,-0.4736736092984604,-0.45714212526638004,0,1
284,1,3,0,-0.7962859910387481,-0.47454519624983954,-0.4736736092984604,-0.4863374216869257,0,1
285,0,1,0,-0.10463740114712752,-0.47454519624983954,-0.4736736092984604,-0.12491978668775715,0,1
286,0,3,0,0.27961181545932834,-0.47454519624983954,-0.4736736092984604,-0.47400492578514347,0,0
287,1,3,0,0.04906228549545483,-0.47454519624983954,-0.4736736092984604,-0.45714212526638004,0,1
288,0,3,0,-0.5657364610748746,-0.47454519624983954,-0.4736736092984604,-0.4894421904510968,0,1
289,1,2,0,0.9712604053509489,-0.47454519624983954,-0.4736736092984604,-0.3866707201133388,0,1
290,1,3,1,-0.5657364610748746,-0.47454519624983954,-0.4736736092984604,-0.49237782784290063,1,0
291,1,1,1,-0.2583370877897099,-0.47454519624983954,-0.4736736092984604,0.9391984311231651,0,1
292,1,1,1,-0.7962859910387481,0.4327933656785018,-0.4736736092984604,1.1854295476653287,0,0
293,0,2,0,0.5101613454232019,-0.47454519624983954,-0.4736736092984604,-0.3891875560116617,0,0
294,0,3,1,-0.41203677443229225,-0.47454519624983954,-0.4736736092984604,-0.4702296719376591,0,1
295,0,3,0,-0.41203677443229225,-0.47454519624983954,-0.4736736092984604,-0.4894421904510968,0,1
296,0,1,0,-0.10463740114712752,-0.47454519624983954,-0.4736736092984604,-0.09027201697708476,0,0
297,0,3,0,-0.45046169609293785,-0.47454519624983954,-0.4736736092984604,-0.5028639729296732,0,0
298,0,1,1,-2.1027333275006983,0.4327933656785018,2.0089333664952354,2.4029901895877646,0,1
299,1,1,0,-0.10463740114712752,-0.47454519624983954,-0.4736736092984604,-0.034313694348132716,0,1
301,1,3,1,-0.10463740114712752,-0.47454519624983954,-0.4736736092984604,-0.49237782784290063,1,0
302,1,3,0,-0.10463740114712752,1.340131927606843,-0.4736736092984604,-0.18029017645086096,1,0
303,0,3,0,-0.7962859910387481,-0.47454519624983954,-0.4736736092984604,-0.6484216535389205,0,1
304,1,2,1,-0.10463740114712752,-0.47454519624983954,-0.4736736092984604,-0.3997582667846179,1,0
305,0,3,0,-0.10463740114712752,-0.47454519624983954,-0.4736736092984604,-0.4863374216869257,0,1
306,1,1,0,-2.1857311582876924,0.4327933656785018,2.0089333664952354,2.4029901895877646,0,1
307,1,1,1,-0.10463740114712752,-0.47454519624983954,-0.4736736092984604,1.5841789061771412,0,0
308,1,1,1,-0.9499856776813305,0.4327933656785018,-0.4736736092984604,1.5442457810799908,0,0
309,0,2,0,0.04906228549545483,0.4327933656785018,-0.4736736092984604,-0.16518916106092355,0,0
310,1,1,1,0.04906228549545483,-0.47454519624983954,-0.4736736092984604,0.49782998024351216,0,0
311,1,1,1,-0.41203677443229225,-0.47454519624983954,-0.4736736092984604,1.0259447039291216,0,0
313,0,2,1,-0.2583370877897099,0.4327933656785018,0.7676298785983874,-0.12491978668775715,0,1
314,0,3,0,-0.10463740114712752,-0.47454519624983954,-0.4736736092984604,-0.4894421904510968,0,1
315,0,2,0,1.0481102486722402,0.4327933656785018,0.7676298785983874,-0.11988611489111134,0,1
316,1,3,1,-0.2583370877897099,-0.47454519624983954,-0.4736736092984604,-0.4902797934380587,0,1
317,1,2,1,-0.41203677443229225,0.4327933656785018,-0.4736736092984604,-0.12491978668775715,0,1
318,0,2,0,1.893458525206443,-0.47454519624983954,-0.4736736092984604,-0.36653603292675563,0,1
319,1,1,1,0.12591212881674602,-0.47454519624983954,2.0089333664952354,2.671117778445337,0,1
320,1,1,1,0.8175607187083667,0.4327933656785018,0.7676298785983874,2.059693773056521,0,0
321,0,3,0,-0.5657364610748746,-0.47454519624983954,-0.4736736092984604,-0.5024451714361923,0,1
322,0,3,0,-0.1814872444684187,-0.47454519624983954,-0.4736736092984604,-0.4894421904510968,0,1
323,1,2,1,0.04906228549545483,-0.47454519624983954,-0.4736736092984604,-0.3997582667846179,1,0
324,1,2,1,-0.5657364610748746,0.4327933656785018,0.7676298785983874,-0.06451572512800753,0,1
326,1,1,1,0.5101613454232019,-0.47454519624983954,-0.4736736092984604,2.0825124140450755,0,0
327,0,3,0,2.4314074284554814,-0.47454519624983954,-0.4736736092984604,-0.5228315422126077,0,1
328,1,2,1,0.5101613454232019,-0.47454519624983954,-0.4736736092984604,-0.3866707201133388,0,1
329,1,3,1,0.12591212881674602,0.4327933656785018,0.7676298785983874,-0.2351571990343002,0,1
330,1,1,1,-1.0268355210026217,-0.47454519624983954,0.7676298785983874,0.5189714017894245,0,0
331,1,3,1,-0.10463740114712752,1.340131927606843,-0.4736736092984604,-0.18029017645086096,1,0
332,0,1,0,1.2402348569754682,-0.47454519624983954,-0.4736736092984604,-0.07458306872129913,0,1
333,0,1,0,0.6638610320657843,-0.47454519624983954,0.7676298785983874,2.441497778832105,0,1
334,0,3,0,-1.0268355210026217,1.340131927606843,-0.4736736092984604,-0.2859972841804228,0,1
335,1,1,1,-0.10463740114712752,0.4327933656785018,-0.4736736092984604,2.042579288947925,0,1
336,0,3,0,-0.10463740114712752,-0.47454519624983954,-0.4736736092984604,-0.4894421904510968,0,1
337,0,1,0,-0.027787557825836348,0.4327933656785018,-0.4736736092984604,0.6925485130875209,0,1
338,1,1,1,0.8944105620296577,-0.47454519624983954,-0.4736736092984604,2.059693773056521,0,0
339,1,3,0,1.2018099353148226,-0.47454519624983954,-0.4736736092984604,-0.4863374216869257,0,1
340,0,1,0,1.2018099353148226,-0.47454519624983954,-0.4736736092984604,0.06635974158478332,0,1
341,1,2,0,-2.1027333275006983,0.4327933656785018,0.7676298785983874,-0.12491978668775715,0,1
343,0,2,0,-0.10463740114712752,-0.47454519624983954,-0.4736736092984604,-0.3866707201133388,0,1
344,0,2,0,-0.33518693111100106,-0.47454519624983954,-0.4736736092984604,-0.3866707201133388,0,1
345,0,2,0,0.5101613454232019,-0.47454519624983954,-0.4736736092984604,-0.3866707201133388,0,1
346,1,2,1,-0.41203677443229225,-0.47454519624983954,-0.4736736092984604,-0.3866707201133388,0,1
347,1,2,1,0.8175607187083667,-0.47454519624983954,-0.4736736092984604,-0.3866707201133388,0,1
348,1,3,1,-0.10463740114712752,0.4327933656785018,-0.4736736092984604,-0.32425318983493084,0,1
349,1,3,0,-2.025883484179407,0.4327933656785018,0.7676298785983874,-0.32828012727224753,0,1
350,0,3,0,0.9712604053509489,-0.47454519624983954,-0.4736736092984604,-0.47400492578514347,0,1
351,0,3,0,-0.48888661775358344,-0.47454519624983954,-0.4736736092984604,-0.4626791642426904,0,1
352,0,1,0,-0.10463740114712752,-0.47454519624983954,-0.4736736092984604,0.05629239799149171,0,1
353,0,3,0,-1.1036853643239128,0.4327933656785018,0.7676298785983874,-0.5028639729296732,0,0
354,0,3,0,-0.33518693111100106,0.4327933656785018,-0.4736736092984604,-0.29002422161773944,0,1
355,0,3,0,-0.10463740114712752,-0.47454519624983954,-0.4736736092984604,-0.5029485386158568,0,0
356,0,3,0,-0.10463740114712752,-0.47454519624983954,-0.4736736092984604,-0.45714212526638004,0,1
357,1,1,1,-0.5657364610748746,-0.47454519624983954,0.7676298785983874,0.4589861417231558,0,1
358,0,2,1,0.6638610320657843,-0.47454519624983954,-0.4736736092984604,-0.3866707201133388,0,1
359,1,3,1,-0.10463740114712752,-0.47454519624983954,-0.4736736092984604,-0.48977642625839407,1,0
360,1,3,1,-0.10463740114712752,-0.47454519624983954,-0.4736736092984604,-0.48977642625839407,1,0
362,0,2,0,-0.027787557825836348,0.4327933656785018,-0.4736736092984604,-0.09027201697708476,0,0
363,0,3,1,1.2018099353148226,-0.47454519624983954,0.7676298785983874,-0.3573908580066095,0,0
364,0,3,0,0.4333115021019107,-0.47454519624983954,-0.4736736092984604,-0.5064721088735089,0,1
365,0,3,0,-0.10463740114712752,0.4327933656785018,-0.4736736092984604,-0.3363340021468808,1,0
366,0,3,0,0.04906228549545483,-0.47454519624983954,-0.4736736092984604,-0.5024451714361923,0,1
367,1,1,1,2.3545575851341902,0.4327933656785018,-0.4736736092984604,0.8667135572514657,0,0
368,1,3,1,-0.10463740114712752,-0.47454519624983954,-0.4736736092984604,-0.5028639729296732,0,0
369,1,3,1,-0.10463740114712752,-0.47454519624983954,-0.4736736092984604,-0.49237782784290063,1,0
370,1,1,1,-0.41203677443229225,-0.47454519624983954,-0.4736736092984604,0.7469121684912956,0,0
371,1,1,0,-0.33518693111100106,0.4327933656785018,-0.4736736092984604,0.4678796330534696,0,0
372,0,3,0,-0.8731358343600393,0.4327933656785018,-0.4736736092984604,-0.5176307525123133,0,1
373,0,3,0,-0.7962859910387481,-0.47454519624983954,-0.4736736092984604,-0.4863374216869257,0,1
374,0,1,0,-0.5657364610748746,-0.47454519624983954,-0.4736736092984604,2.0825124140450755,0,0
375,0,3,1,-2.025883484179407,2.2474704895351842,0.7676298785983874,-0.22408312108167944,0,1
376,1,1,1,-0.10463740114712752,0.4327933656785018,-0.4736736092984604,1.0060617003323709,0,0
377,1,3,1,-0.5657364610748746,-0.47454519624983954,-0.4736736092984604,-0.5024451714361923,0,1
379,0,3,0,-0.719436147717457,-0.47454519624983954,-0.4736736092984604,-0.5676312212027554,0,0
380,0,3,0,-0.7962859910387481,-0.47454519624983954,-0.4736736092984604,-0.4918744606632361,0,1
382,1,3,1,-2.1795831708219895,-0.47454519624983954,2.0089333664952354,-0.33146744825388363,0,0
383,0,3,0,0.20276197213803718,-0.47454519624983954,-0.4736736092984604,-0.4888542575852486,0,1
384,1,1,1,0.4333115021019107,0.4327933656785018,-0.4736736092984604,0.39858208016340624,0,1
385,0,3,0,-0.10463740114712752,-0.47454519624983954,-0.4736736092984604,-0.4894421904510968,0,1
386,0,2,0,-0.8731358343600393,-0.47454519624983954,-0.4736736092984604,0.8314778546749452,0,1
388,1,2,1,0.5101613454232019,-0.47454519624983954,-0.4736736092984604,-0.3866707201133388,0,1
389,0,3,0,-0.10463740114712752,-0.47454519624983954,-0.4736736092984604,-0.49279662933638163,1,0
390,1,2,1,-0.9499856776813305,-0.47454519624983954,-0.4736736092984604,-0.40680540729992204,0,0
391,1,1,0,0.5101613454232019,0.4327933656785018,2.0089333664952354,1.7677408088510642,0,1
392,1,3,0,-0.6425863043961658,-0.47454519624983954,-0.4736736092984604,-0.49145565916975514,0,1
393,0,3,0,-0.10463740114712752,1.340131927606843,-0.4736736092984604,-0.4888542575852486,0,1
394,1,1,1,-0.48888661775358344,0.4327933656785018,-0.4736736092984604,1.6323350375212924,0,0
395,1,3,1,-0.41203677443229225,-0.47454519624983954,2.0089333664952354,-0.312172377522981,0,1
396,0,3,0,-0.5657364610748746,-0.47454519624983954,-0.4736736092984604,-0.49145565916975514,0,1
397,0,3,1,0.12591212881674602,-0.47454519624983954,-0.4736736092984604,-0.4902797934380587,0,1
398,0,2,0,1.2786597786361138,-0.47454519624983954,-0.4736736092984604,-0.12491978668775715,0,1
399,0,2,0,-0.48888661775358344,-0.47454519624983954,-0.4736736092984604,-0.43700743807979686,0,1
400,1,2,1,-0.10463740114712752,-0.47454519624983954,-0.4736736092984604,-0.393717860628643,0,1
401,1,3,0,0.7407108753870755,-0.47454519624983954,-0.4736736092984604,-0.4888542575852486,0,1
402,0,3,0,-0.2583370877897099,-0.47454519624983954,-0.4736736092984604,-0.4863374216869257,0,1
403,0,3,1,-0.6425863043961658,0.4327933656785018,-0.4736736092984604,-0.4505983519307405,0,1
404,0,3,0,-0.10463740114712752,0.4327933656785018,-0.4736736092984604,-0.32928686163157667,0,1
405,0,3,1,-0.719436147717457,-0.47454519624983954,-0.4736736092984604,-0.47400492578514347,0,1
406,0,2,0,0.35646165878061953,0.4327933656785018,-0.4736736092984604,-0.22559322262067316,0,1
407,0,3,0,1.6629089952425695,-0.47454519624983954,-0.4736736092984604,-0.49237782784290063,0,1
408,1,2,0,-2.025883484179407,0.4327933656785018,0.7676298785983874,-0.2708962687904854,0,1
409,0,3,0,-0.6425863043961658,-0.47454519624983954,-0.4736736092984604,-0.4918744606632361,0,1
410,0,3,1,-0.10463740114712752,2.2474704895351842,0.7676298785983874,-0.13565761536436197,0,1
411,0,3,0,-0.10463740114712752,-0.47454519624983954,-0.4736736092984604,-0.4894421904510968,0,1
412,0,3,0,-0.10463740114712752,-0.47454519624983954,-0.4736736092984604,-0.5103319284071769,1,0
413,1,1,1,0.27961181545932834,0.4327933656785018,-0.4736736092984604,1.163700193253568,1,0
414,0,2,0,-0.10463740114712752,-0.47454519624983954,-0.4736736092984604,-0.6484216535389205,0,1
415,1,3,0,1.1249600919935314,-0.47454519624983954,-0.4736736092984604,-0.4888542575852486,0,1
416,0,3,1,-0.10463740114712752,-0.47454519624983954,-0.4736736092984604,-0.4863374216869257,0,1
417,1,2,1,0.35646165878061953,0.4327933656785018,0.7676298785983874,0.005955680025033696,0,1
418,1,2,1,-0.8731358343600393,-0.47454519624983954,2.0089333664952354,-0.3866707201133388,0,1
419,0,2,0,0.04906228549545483,-0.47454519624983954,-0.4736736092984604,-0.3866707201133388,0,1
420,0,3,1,-1.4879345809303688,-0.47454519624983954,2.0089333664952354,-0.1621689579829361,0,1
421,0,3,0,-0.10463740114712752,-0.47454519624983954,-0.4736736092984604,-0.4894421904510968,0,0
422,0,3,0,-0.6425863043961658,-0.47454519624983954,-0.4736736092984604,-0.49271407711891657,1,0
423,0,3,0,-0.027787557825836348,-0.47454519624983954,-0.4736736092984604,-0.4898609919445778,0,1
424,0,3,1,-0.10463740114712752,0.4327933656785018,0.7676298785983874,-0.35848215805212236,0,1
425,0,3,0,-0.8731358343600393,0.4327933656785018,0.7676298785983874,-0.2414492887801075,0,1
426,0,3,0,-0.10463740114712752,-0.47454519624983954,-0.4736736092984604,-0.5024451714361923,0,1
427,1,2,1,-0.10463740114712752,0.4327933656785018,-0.4736736092984604,-0.12491978668775715,0,1
428,1,2,1,-0.7962859910387481,-0.47454519624983954,-0.4736736092984604,-0.12491978668775715,0,1
429,0,3,0,-0.10463740114712752,-0.47454519624983954,-0.4736736092984604,-0.49237782784290063,1,0
430,1,3,0,0.20276197213803718,-0.47454519624983954,-0.4736736092984604,-0.4863374216869257,0,1
431,1,1,0,-0.10463740114712752,-0.47454519624983954,-0.4736736092984604,-0.11384570873513637,0,1
432,1,3,1,-0.10463740114712752,0.4327933656785018,-0.4736736092984604,-0.32425318983493084,0,1
433,1,2,1,0.9712604053509489,0.4327933656785018,-0.4736736092984604,-0.12491978668775715,0,1
434,0,3,0,-0.9499856776813305,-0.47454519624983954,-0.4736736092984604,-0.5049620073345151,0,1
435,0,1,0,1.5860591519212783,0.4327933656785018,-0.4736736092984604,0.4771073601910807,0,1
436,1,1,1,-1.180535207645204,0.4327933656785018,2.0089333664952354,1.7677408088510642,0,1
437,0,3,1,-0.6425863043961658,1.340131927606843,2.0089333664952354,0.04370821849987721,0,1
440,0,2,0,0.12591212881674602,-0.47454519624983954,-0.4736736092984604,-0.43700743807979686,0,1
441,1,2,1,1.2018099353148226,0.4327933656785018,0.7676298785983874,-0.11988611489111134,0,1
442,0,3,0,-0.719436147717457,-0.47454519624983954,-0.4736736092984604,-0.45714212526638004,0,1
443,0,3,0,-0.33518693111100106,0.4327933656785018,-0.4736736092984604,-0.4918744606632361,0,1
444,1,2,1,-0.10463740114712752,-0.47454519624983954,-0.4736736092984604,-0.3866707201133388,0,1
445,1,3,0,-0.10463740114712752,-0.47454519624983954,-0.4736736092984604,-0.48507900373776425,0,1
446,1,1,0,-1.949033640858116,-0.47454519624983954,2.0089333664952354,0.9997696105865636,0,1
447,1,2,1,-1.2573850509664952,-0.47454519624983954,0.7676298785983874,-0.255795253400548,0,1
448,1,1,0,0.35646165878061953,-0.47454519624983954,-0.4736736092984604,-0.11384570873513637,0,1
449,1,3,1,-1.8721837975368247,1.340131927606843,0.7676298785983874,-0.26066180729354516,0,0
450,1,1,0,1.7397588385638607,-0.47454519624983954,-0.4736736092984604,-0.034313694348132716,0,1
451,0,2,0,0.5101613454232019,0.4327933656785018,2.0089333664952354,-0.08968408411123653,0,1
452,0,3,0,-0.10463740114712752,0.4327933656785018,-0.4736736092984604,-0.2463983948905696,0,1
453,0,1,0,0.04906228549545483,-0.47454519624983954,-0.4736736092984604,-0.08968408411123653,0,0
454,1,1,0,1.5092093085999871,0.4327933656785018,-0.4736736092984604,1.145663540471827,0,0
455,0,3,0,-0.10463740114712752,-0.47454519624983954,-0.4736736092984604,-0.4863374216869257,0,1
456,1,3,0,-0.027787557825836348,-0.47454519624983954,-0.4736736092984604,-0.4894421904510968,0,0
457,0,1,0,2.738806801740646,-0.47454519624983954,-0.4736736092984604,-0.11384570873513637,0,1
458,1,1,1,-0.10463740114712752,0.4327933656785018,-0.4736736092984604,0.395813560675251,0,1
459,1,2,1,1.5860591519212783,-0.47454519624983954,-0.4736736092984604,-0.43700743807979686,0,1
460,0,3,0,-0.10463740114712752,-0.47454519624983954,-0.4736736092984604,-0.49237782784290063,1,0
461,1,1,0,1.432359465278696,-0.47454519624983954,-0.4736736092984604,-0.11384570873513637,0,1
462,0,3,0,0.35646165878061953,-0.47454519624983954,-0.4736736092984604,-0.4863374216869257,0,1
463,0,1,0,1.3555096219574048,-0.47454519624983954,-0.4736736092984604,0.12676380314453292,0,1
464,0,2,0,1.432359465278696,-0.47454519624983954,-0.4736736092984604,-0.3866707201133388,0,1
465,0,3,0,-0.10463740114712752,-0.47454519624983954,-0.4736736092984604,-0.4863374216869257,0,1
466,0,3,0,0.6638610320657843,-0.47454519624983954,-0.4736736092984604,-0.5064721088735089,0,1
467,0,2,0,-0.10463740114712752,-0.47454519624983954,-0.4736736092984604,-0.6484216535389205,0,1
468,0,1,0,2.0471582118490255,-0.47454519624983954,-0.4736736092984604,-0.11384570873513637,0,1
469,0,3,0,-0.10463740114712752,-0.47454519624983954,-0.4736736092984604,-0.4928811950225652,1,0
470,1,3,1,-2.1987956316523123,1.340131927606843,0.7676298785983874,-0.26066180729354516,0,0
471,0,3,0,-0.10463740114712752,-0.47454519624983954,-0.4736736092984604,-0.5024451714361923,0,1
472,0,3,0,0.6638610320657843,-0.47454519624983954,-0.4736736092984604,-0.47400492578514347,0,1
473,1,2,1,0.27961181545932834,0.4327933656785018,2.0089333664952354,-0.08968408411123653,0,1
474,1,2,1,-0.48888661775358344,-0.47454519624983954,-0.4736736092984604,-0.3707300882677209,0,0
475,0,3,1,-0.5657364610748746,-0.47454519624983954,-0.4736736092984604,-0.45034666834090825,0,1
476,0,1,0,-0.10463740114712752,-0.47454519624983954,-0.4736736092984604,0.39858208016340624,0,1
477,0,2,0,0.35646165878061953,0.4327933656785018,-0.4736736092984604,-0.22559322262067316,0,1
478,0,3,0,-0.027787557825836348,0.4327933656785018,-0.4736736092984604,-0.5065566745596926,0,1
479,0,3,0,-0.5657364610748746,-0.47454519624983954,-0.4736736092984604,-0.4969926981460655,0,1
480,1,3,1,-2.1027333275006983,-0.47454519624983954,0.7676298785983874,-0.4010166847337793,0,1
482,0,2,0,-0.10463740114712752,-0.47454519624983954,-0.4736736092984604,-0.6484216535389205,0,1
483,0,3,0,1.5860591519212783,-0.47454519624983954,-0.4736736092984604,-0.4863374216869257,0,1
484,1,3,1,2.585107115098064,-0.47454519624983954,-0.4736736092984604,-0.455380340137554,0,1
485,1,1,0,-0.33518693111100106,0.4327933656785018,-0.4736736092984604,1.1854295476653287,0,0
486,0,3,1,-0.10463740114712752,2.2474704895351842,0.7676298785983874,-0.13565761536436197,0,1
487,1,1,1,0.4333115021019107,0.4327933656785018,-0.4736736092984604,1.163700193253568,0,1
488,0,1,0,2.200857898491608,-0.47454519624983954,-0.4736736092984604,-0.05042144409739929,0,0
489,0,3,0,0.04906228549545483,-0.47454519624983954,-0.4736736092984604,-0.4863374216869257,0,1
490,1,3,0,-1.56478442425166,0.4327933656785018,0.7676298785983874,-0.32828012727224753,0,1
491,0,3,0,-0.10463740114712752,0.4327933656785018,-0.4736736092984604,-0.2463983948905696,0,1
492,0,3,0,-0.6425863043961658,-0.47454519624983954,-0.4736736092984604,-0.5024451714361923,0,1
493,0,1,0,1.9703083685277343,-0.47454519624983954,-0.4736736092984604,-0.034313694348132716,0,1
495,0,3,0,-0.6425863043961658,-0.47454519624983954,-0.4736736092984604,-0.4863374216869257,0,1
496,0,3,0,-0.10463740114712752,-0.47454519624983954,-0.4736736092984604,-0.3573083057891445,0,0
497,1,1,1,1.893458525206443,0.4327933656785018,-0.4736736092984604,0.9274538680872313,0,0
498,0,3,0,-0.10463740114712752,-0.47454519624983954,-0.4736736092984604,-0.3443878770215141,0,1
499,0,1,1,-0.33518693111100106,0.4327933656785018,2.0089333664952354,2.4029901895877646,0,1
500,0,3,0,-0.41203677443229225,-0.47454519624983954,-0.4736736092984604,-0.49145565916975514,0,1
501,0,3,0,-0.9499856776813305,-0.47454519624983954,-0.4736736092984604,-0.47400492578514347,0,1
502,0,3,1,-0.6425863043961658,-0.47454519624983954,-0.4736736092984604,-0.49237782784290063,1,0
503,0,3,1,-0.10463740114712752,-0.47454519624983954,-0.4736736092984604,-0.4948100980550399,1,0
504,0,3,1,0.5870111887444931,-0.47454519624983954,-0.4736736092984604,-0.455380340137554,0,1
505,1,1,1,-1.0268355210026217,-0.47454519624983954,-0.4736736092984604,1.093228788100527,0,1
506,0,1,0,-0.8731358343600393,0.4327933656785018,-0.4736736092984604,1.5442457810799908,0,0
507,1,2,1,0.27961181545932834,-0.47454519624983954,2.0089333664952354,-0.12491978668775715,0,1
508,1,1,0,-0.10463740114712752,-0.47454519624983954,-0.4736736092984604,-0.11384570873513637,0,1
509,0,3,0,-0.10463740114712752,-0.47454519624983954,-0.4736736092984604,-0.1948878246611338,0,1
510,1,3,0,-0.2583370877897099,-0.47454519624983954,-0.4736736092984604,0.48910360681684706,0,1
511,1,3,0,-0.027787557825836348,-0.47454519624983954,-0.4736736092984604,-0.49237782784290063,1,0
512,0,3,0,-0.10463740114712752,-0.47454519624983954,-0.4736736092984604,-0.4863374216869257,0,1
513,1,1,0,0.5101613454232019,-0.47454519624983954,-0.4736736092984604,-0.11913106412161445,0,1
514,1,1,1,1.893458525206443,0.4327933656785018,-0.4736736092984604,0.5475787653441219,0,0
515,0,3,0,-0.41203677443229225,-0.47454519624983954,-0.4736736092984604,-0.4974960653257301,0,1
516,0,1,0,1.3555096219574048,-0.47454519624983954,-0.4736736092984604,0.036576512298389464,0,1
517,1,2,1,0.35646165878061953,-0.47454519624983954,-0.4736736092984604,-0.43700743807979686,0,1
518,0,3,0,-0.10463740114712752,-0.47454519624983954,-0.4736736092984604,-0.1621689579829361,1,0
519,1,2,1,0.5101613454232019,0.4327933656785018,-0.4736736092984604,-0.12491978668775715,0,1
520,0,3,0,0.20276197213803718,-0.47454519624983954,-0.4736736092984604,-0.4894421904510968,0,1
521,1,1,1,0.04906228549545483,-0.47454519624983954,-0.4736736092984604,1.2341715984066093,0,1
522,0,3,0,-0.5657364610748746,-0.47454519624983954,-0.4736736092984604,-0.4894421904510968,0,1
523,0,3,0,-0.10463740114712752,-0.47454519624983954,-0.4736736092984604,-0.5029485386158568,0,0
524,1,1,1,1.1249600919935314,-0.47454519624983954,0.7676298785983874,0.5189714017894245,0,0
525,0,3,0,-0.10463740114712752,-0.47454519624983954,-0.4736736092984604,-0.5028639729296732,0,0
526,0,3,0,0.8559856403690123,-0.47454519624983954,-0.4736736092984604,-0.49237782784290063,1,0
527,1,2,1,1.5860591519212783,-0.47454519624983954,-0.4736736092984604,-0.43700743807979686,0,1
529,0,3,0,0.7407108753870755,-0.47454519624983954,-0.4736736092984604,-0.4888542575852486,0,1
530,0,2,0,-0.48888661775358344,1.340131927606843,0.7676298785983874,-0.41687275089321363,0,1
531,1,2,1,-2.1027333275006983,0.4327933656785018,0.7676298785983874,-0.12491978668775715,0,1
532,0,3,0,-0.10463740114712752,-0.47454519624983954,-0.4736736092984604,-0.5028639729296732,0,0
533,0,3,0,-0.9499856776813305,0.4327933656785018,0.7676298785983874,-0.5028639729296732,0,0
534,1,3,1,-0.10463740114712752,-0.47454519624983954,2.0089333664952354,-0.19824427701513722,0,0
535,0,3,1,0.04906228549545483,-0.47454519624983954,-0.4736736092984604,-0.47400492578514347,0,1
536,1,2,1,-1.7184841108942424,-0.47454519624983954,2.0089333664952354,-0.11988611489111134,0,1
537,0,1,0,1.2018099353148226,-0.47454519624983954,-0.4736736092984604,-0.11384570873513637,0,1
538,1,1,1,0.04906228549545483,-0.47454519624983954,-0.4736736092984604,1.4944124302931971,0,0
539,0,3,0,-0.10463740114712752,-0.47454519624983954,-0.4736736092984604,-0.35646868933346404,0,1
540,1,1,1,-0.5657364610748746,-0.47454519624983954,2.0089333664952354,0.3482453621969482,0,0
541,1,1,1,0.5101613454232019,-0.47454519624983954,2.0089333664952354,0.7811411367084872,0,1
544,1,2,0,0.20276197213803718,0.4327933656785018,-0.4736736092984604,-0.12491978668775715,0,1
545,0,1,0,1.5860591519212783,0.4327933656785018,-0.4736736092984604,1.4944124302931971,0,0
546,0,1,0,2.661956958419355,-0.47454519624983954,-0.4736736092984604,-0.12491978668775715,0,1
547,1,2,1,-0.7962859910387481,0.4327933656785018,-0.4736736092984604,-0.12491978668775715,0,1
548,1,2,0,-0.10463740114712752,-0.47454519624983954,-0.4736736092984604,-0.3693045524149108,0,0
549,0,3,0,0.27961181545932834,0.4327933656785018,0.7676298785983874,-0.2351571990343002,0,1
550,1,2,0,-1.6416342675729512,0.4327933656785018,0.7676298785983874,0.09152810056801232,0,1
551,1,1,0,-0.9499856776813305,-0.47454519624983954,2.0089333664952354,1.5841789061771412,0,0
552,0,2,0,-0.1814872444684187,-0.47454519624983954,-0.4736736092984604,-0.12491978668775715,0,1
553,0,3,0,-0.10463740114712752,-0.47454519624983954,-0.4736736092984604,-0.49078316061772326,1,0
554,1,3,0,-0.5657364610748746,-0.47454519624983954,-0.4736736092984604,-0.5029485386158568,0,0
555,1,3,1,-0.5657364610748746,-0.47454519624983954,-0.4736736092984604,-0.4918744606632361,0,1
556,0,1,0,2.5082572717767726,-0.47454519624983954,-0.4736736092984604,-0.11384570873513637,0,1
557,1,1,1,1.432359465278696,0.4327933656785018,-0.4736736092984604,0.1489119590497745,0,0
559,1,1,1,0.7407108753870755,0.4327933656785018,0.7676298785983874,0.955306180872432,0,1
560,1,3,1,0.5101613454232019,0.4327933656785018,-0.4736736092984604,-0.29807809649237277,0,1
561,0,3,0,-0.10463740114712752,-0.47454519624983954,-0.4736736092984604,-0.49237782784290063,1,0
562,0,3,0,0.8175607187083667,-0.47454519624983954,-0.4736736092984604,-0.4894421904510968,0,1
563,0,2,0,-0.10463740114712752,-0.47454519624983954,-0.4736736092984604,-0.3766033765200472,0,1
564,0,3,0,-0.10463740114712752,-0.47454519624983954,-0.4736736092984604,-0.4863374216869257,0,1
565,0,3,1,-0.10463740114712752,-0.47454519624983954,-0.4736736092984604,-0.4863374216869257,0,1
566,0,3,0,-0.41203677443229225,1.340131927606843,-0.4736736092984604,-0.1621689579829361,0,1
567,0,3,0,-0.7962859910387481,-0.47454519624983954,-0.4736736092984604,-0.4894421904510968,0,1
569,0,3,0,-0.10463740114712752,-0.47454519624983954,-0.4736736092984604,-0.5028639729296732,0,0
570,1,3,0,0.20276197213803718,-0.47454519624983954,-0.4736736092984604,-0.4902797934380587,0,1
571,1,2,0,2.5082572717767726,-0.47454519624983954,-0.4736736092984604,-0.43700743807979686,0,1
572,1,1,1,1.816608681885152,1.340131927606843,-0.4736736092984604,0.38809593507663365,0,1
573,1,1,0,0.5101613454232019,-0.47454519624983954,-0.4736736092984604,-0.11711759540295616,0,1
574,1,3,1,-0.10463740114712752,-0.47454519624983954,-0.4736736092984604,-0.49237782784290063,1,0
575,0,3,0,-1.0268355210026217,-0.47454519624983954,-0.4736736092984604,-0.4863374216869257,0,1
576,0,3,0,-0.7962859910387481,-0.47454519624983954,-0.4736736092984604,-0.35646868933346404,0,1
577,1,2,1,0.35646165878061953,-0.47454519624983954,-0.4736736092984604,-0.3866707201133388,0,1
578,1,1,1,0.7407108753870755,0.4327933656785018,-0.4736736092984604,0.4771073601910807,0,1
579,0,3,1,-0.10463740114712752,0.4327933656785018,-0.4736736092984604,-0.3573083057891445,0,0
580,1,3,0,0.20276197213803718,-0.47454519624983954,-0.4736736092984604,-0.4888542575852486,0,1
581,1,2,1,-0.33518693111100106,0.4327933656785018,0.7676298785983874,-0.04438103794142432,0,1
582,1,1,1,0.7407108753870755,0.4327933656785018,0.7676298785983874,1.5841789061771412,0,0
583,0,2,0,1.893458525206443,-0.47454519624983954,-0.4736736092984604,-0.12491978668775715,0,1
584,0,1,0,0.5101613454232019,-0.47454519624983954,-0.4736736092984604,0.15948266982273065,0,0
585,0,3,0,-0.10463740114712752,-0.47454519624983954,-0.4736736092984604,-0.47299819142581434,0,0
586,1,1,1,-0.8731358343600393,-0.47454519624983954,2.0089333664952354,0.955306180872432,0,1
587,0,2,0,1.3555096219574048,-0.47454519624983954,-0.4736736092984604,-0.3464013457401724,0,1
588,1,1,0,2.3545575851341902,0.4327933656785018,0.7676298785983874,0.9462455716384695,0,0
589,0,3,0,-0.5657364610748746,-0.47454519624983954,-0.4736736092984604,-0.4863374216869257,0,1
590,0,3,0,-0.10463740114712752,-0.47454519624983954,-0.4736736092984604,-0.4863374216869257,0,1
591,0,3,0,0.4333115021019107,-0.47454519624983954,-0.4736736092984604,-0.5049620073345151,0,1
592,1,1,1,1.7397588385638607,0.4327933656785018,-0.4736736092984604,0.9274538680872313,0,0
593,0,3,0,1.3555096219574048,-0.47454519624983954,-0.4736736092984604,-0.5024451714361923,0,1
594,0,3,1,-0.10463740114712752,-0.47454519624983954,2.0089333664952354,-0.49237782784290063,1,0
595,0,2,0,0.5870111887444931,0.4327933656785018,-0.4736736092984604,-0.12491978668775715,0,1
596,0,3,0,0.5101613454232019,0.4327933656785018,0.7676298785983874,-0.1621689579829361,0,1
597,1,2,1,-0.10463740114712752,-0.47454519624983954,-0.4736736092984604,0.016023023618325298,0,1
598,0,3,0,1.5092093085999871,-0.47454519624983954,-0.4736736092984604,-0.6484216535389205,0,1
599,0,3,0,-0.10463740114712752,-0.47454519624983954,-0.4736736092984604,-0.5029485386158568,0,0
600,1,1,0,1.5092093085999871,0.4327933656785018,-0.4736736092984604,0.49782998024351216,0,0
601,1,2,1,-0.41203677443229225,1.340131927606843,0.7676298785983874,-0.10478509950117394,0,1
602,0,3,0,-0.10463740114712752,-0.47454519624983954,-0.4736736092984604,-0.4894421904510968,0,1
603,0,1,0,-0.10463740114712752,-0.47454519624983954,-0.4736736092984604,0.2052890831722074,0,1
604,0,3,0,1.1249600919935314,-0.47454519624983954,-0.4736736092984604,-0.4863374216869257,0,1
605,1,1,0,0.4333115021019107,-0.47454519624983954,-0.4736736092984604,-0.11384570873513637,0,0
606,0,3,0,0.5101613454232019,0.4327933656785018,-0.4736736092984604,-0.3353272677875516,0,1
607,0,3,0,0.04906228549545483,-0.47454519624983954,-0.4736736092984604,-0.4894421904510968,0,1
608,1,1,0,-0.1814872444684187,-0.47454519624983954,-0.4736736092984604,-0.034313694348132716,0,1
609,1,2,1,-0.5657364610748746,0.4327933656785018,2.0089333664952354,0.18876253192945994,0,0
610,1,1,1,0.8175607187083667,-0.47454519624983954,-0.4736736092984604,2.441497778832105,0,1
612,0,3,0,-0.10463740114712752,-0.47454519624983954,-0.4736736092984604,-0.5064721088735089,0,1
613,1,3,1,-0.10463740114712752,0.4327933656785018,-0.4736736092984604,-0.3363340021468808,1,0
614,0,3,0,-0.10463740114712752,-0.47454519624983954,-0.4736736092984604,-0.49237782784290063,1,0
615,0,3,0,0.4333115021019107,-0.47454519624983954,-0.4736736092984604,-0.4863374216869257,0,1
616,1,2,1,-0.41203677443229225,0.4327933656785018,2.0089333664952354,0.6603330135889879,0,1
617,0,3,0,0.35646165878061953,0.4327933656785018,0.7676298785983874,-0.35848215805212236,0,1
618,0,3,1,-0.2583370877897099,0.4327933656785018,-0.4736736092984604,-0.32425318983493084,0,1
619,1,2,1,-1.949033640858116,1.340131927606843,0.7676298785983874,0.13683114673782454,0,1
620,0,2,0,-0.2583370877897099,-0.47454519624983954,-0.4736736092984604,-0.43700743807979686,0,1
621,0,3,0,-0.1814872444684187,0.4327933656785018,-0.4736736092984604,-0.3573908580066095,0,0
622,1,1,0,0.9712604053509489,0.4327933656785018,-0.4736736092984604,0.40974072380221066,0,1
623,1,3,0,-0.719436147717457,0.4327933656785018,0.7676298785983874,-0.33146744825388363,0,0
624,0,3,0,-0.6425863043961658,-0.47454519624983954,-0.4736736092984604,-0.4902797934380587,0,1
625,0,3,0,-0.6425863043961658,-0.47454519624983954,-0.4736736092984604,-0.32425318983493084,0,1
626,0,1,0,2.4314074284554814,-0.47454519624983954,-0.4736736092984604,0.002347544081197954,0,1
627,0,2,0,2.1240080551703167,-0.47454519624983954,-0.4736736092984604,-0.3997582667846179,1,0
628,1,1,1,-0.6425863043961658,-0.47454519624983954,-0.4736736092984604,0.921244330558889,0,1
629,0,3,0,-0.2583370877897099,-0.47454519624983954,-0.4736736092984604,-0.4894421904510968,0,1
630,0,3,0,-0.10463740114712752,-0.47454519624983954,-0.4736736092984604,-0.49271407711891657,1,0
632,0,3,0,1.6629089952425695,-0.47454519624983954,-0.4736736092984604,-0.5063875431873253,0,1
633,1,1,0,0.20276197213803718,-0.47454519624983954,-0.4736736092984604,-0.034313694348132716,0,0
634,0,1,0,-0.10463740114712752,-0.47454519624983954,-0.4736736092984604,-0.6484216535389205,0,1
635,0,3,1,-1.56478442425166,2.2474704895351842,2.0089333664952354,-0.08666388103324908,0,1
636,1,2,1,-0.10463740114712752,-0.47454519624983954,-0.4736736092984604,-0.3866707201133388,0,1
637,0,3,0,0.20276197213803718,-0.47454519624983954,-0.4736736092984604,-0.4888542575852486,0,1
638,0,2,0,0.12591212881674602,0.4327933656785018,0.7676298785983874,-0.11988611489111134,0,1
640,0,3,0,-0.10463740114712752,0.4327933656785018,-0.4736736092984604,-0.32425318983493084,0,1
641,0,3,0,-0.719436147717457,-0.47454519624983954,-0.4736736092984604,-0.4902797934380587,0,1
642,1,1,1,-0.41203677443229225,-0.47454519624983954,-0.4736736092984604,0.7469121684912956,0,0
643,0,3,1,-2.1027333275006983,2.2474704895351842,2.0089333664952354,-0.08666388103324908,0,1
644,1,3,0,-0.10463740114712752,-0.47454519624983954,-0.4736736092984604,0.48910360681684706,0,1
645,1,3,1,-2.1987956316523123,1.340131927606843,0.7676298785983874,-0.26066180729354516,0,0
646,1,1,0,1.432359465278696,0.4327933656785018,-0.4736736092984604,0.8964967865378598,0,0
647,0,3,0,-0.7962859910387481,-0.47454519624983954,-0.4736736092984604,-0.4894421904510968,0,1
648,1,1,0,2.0471582118490255,-0.47454519624983954,-0.4736736092984604,0.06635974158478332,0,0
649,0,3,0,-0.10463740114712752,-0.47454519624983954,-0.4736736092984604,-0.49640476528021726,0,1
650,1,3,1,-0.48888661775358344,-0.47454519624983954,-0.4736736092984604,-0.49640476528021726,0,1
651,0,3,0,-0.10463740114712752,-0.47454519624983954,-0.4736736092984604,-0.4894421904510968,0,1
652,1,2,1,-0.8731358343600393,-0.47454519624983954,0.7676298785983874,-0.18532384824750675,0,1
653,0,3,0,-0.6425863043961658,-0.47454519624983954,-0.4736736092984604,-0.47861979608830835,0,1
654,1,3,1,-0.10463740114712752,-0.47454519624983954,-0.4736736092984604,-0.49078316061772326,1,0
655,0,3,1,-0.8731358343600393,-0.47454519624983954,-0.4736736092984604,-0.5125125150294839,1,0
656,0,2,0,-0.41203677443229225,1.340131927606843,-0.4736736092984604,0.8314778546749452,0,1
657,0,3,0,-0.10463740114712752,-0.47454519624983954,-0.4736736092984604,-0.4894421904510968,0,1
658,0,3,1,0.20276197213803718,0.4327933656785018,0.7676298785983874,-0.3363340021468808,1,0
659,0,2,0,-0.48888661775358344,-0.47454519624983954,-0.4736736092984604,-0.3866707201133388,0,1
660,0,1,0,2.200857898491608,-0.47454519624983954,2.0089333664952354,1.6323350375212924,0,0
661,1,1,0,1.5860591519212783,1.340131927606843,-0.4736736092984604,2.042579288947925,0,1
662,0,3,0,0.8175607187083667,-0.47454519624983954,-0.4736736092984604,-0.5029485386158568,0,0
663,0,1,0,1.3555096219574048,-0.47454519624983954,-0.4736736092984604,-0.13322534515222276,0,1
664,0,3,0,0.5101613454232019,-0.47454519624983954,-0.4736736092984604,-0.4974960653257301,0,1
665,1,3,0,-0.719436147717457,0.4327933656785018,-0.4736736092984604,-0.4888542575852486,0,1
666,0,2,0,0.20276197213803718,1.340131927606843,-0.4736736092984604,0.8314778546749452,0,1
667,0,2,0,-0.33518693111100106,-0.47454519624983954,-0.4736736092984604,-0.3866707201133388,0,1
668,0,3,0,-0.10463740114712752,-0.47454519624983954,-0.4736736092984604,-0.4918744606632361,0,1
669,0,3,0,1.0481102486722402,-0.47454519624983954,-0.4736736092984604,-0.4863374216869257,0,1
670,1,1,1,-0.10463740114712752,0.4327933656785018,-0.4736736092984604,0.39858208016340624,0,1
671,1,2,1,0.8175607187083667,0.4327933656785018,0.7676298785983874,0.13683114673782454,0,1
672,0,1,0,0.12591212881674602,0.4327933656785018,-0.4736736092984604,0.39858208016340624,0,1
674,1,2,0,0.12591212881674602,-0.47454519624983954,-0.4736736092984604,-0.3866707201133388,0,1
675,0,2,0,-0.10463740114712752,-0.47454519624983954,-0.4736736092984604,-0.6484216535389205,0,1
676,0,3,0,-0.8731358343600393,-0.47454519624983954,-0.4736736092984604,-0.4918744606632361,0,1
677,0,3,0,-0.37361185277164666,-0.47454519624983954,-0.4736736092984604,-0.4863374216869257,0,1
678,1,3,1,-0.8731358343600393,-0.47454519624983954,-0.4736736092984604,-0.45026210265472455,0,1
681,0,3,1,-0.10463740114712752,-0.47454519624983954,-0.4736736092984604,-0.48457563655809965,1,0
682,1,1,0,-0.1814872444684187,-0.47454519624983954,-0.4736736092984604,0.8964967865378598,0,0
683,0,3,0,-0.719436147717457,-0.47454519624983954,-0.4736736092984604,-0.4626791642426904,0,1
685,0,2,0,2.3545575851341902,0.4327933656785018,0.7676298785983874,0.13683114673782454,0,1
686,0,2,0,-0.33518693111100106,0.4327933656785018,2.0089333664952354,0.18876253192945994,0,0
688,0,3,0,-0.7962859910387481,-0.47454519624983954,-0.4736736092984604,-0.44363577710162005,0,1
689,0,3,0,-0.8731358343600393,-0.47454519624983954,-0.4736736092984604,-0.49145565916975514,0,1
691,1,1,0,0.12591212881674602,0.4327933656785018,-0.4736736092984604,0.49925551609632224,0,1
692,1,3,1,-1.949033640858116,-0.47454519624983954,0.7676298785983874,-0.37828059596268965,0,0
693,1,3,0,-0.10463740114712752,-0.47454519624983954,-0.4736736092984604,0.48910360681684706,0,1
694,0,3,0,-0.33518693111100106,-0.47454519624983954,-0.4736736092984604,-0.5029485386158568,0,0
695,0,1,0,2.3545575851341902,-0.47454519624983954,-0.4736736092984604,-0.11384570873513637,0,1
696,0,2,0,1.7397588385638607,-0.47454519624983954,-0.4736736092984604,-0.3766033765200472,0,1
697,0,3,0,1.1249600919935314,-0.47454519624983954,-0.4736736092984604,-0.4863374216869257,0,1
698,1,3,1,-0.10463740114712752,-0.47454519624983954,-0.4736736092984604,-0.49271407711891657,1,0
699,0,1,0,1.5092093085999871,0.4327933656785018,0.7676298785983874,1.5841789061771412,0,0
700,0,3,0,0.9712604053509489,-0.47454519624983954,-0.4736736092984604,-0.494391296561559,0,1
702,1,1,0,0.4333115021019107,-0.47454519624983954,-0.4736736092984604,-0.11913106412161445,0,1
703,0,3,1,-0.8731358343600393,-0.47454519624983954,0.7676298785983874,-0.3573908580066095,0,0
704,0,3,0,-0.33518693111100106,-0.47454519624983954,-0.4736736092984604,-0.4925449457465493,1,0
705,0,3,0,-0.2583370877897099,0.4327933656785018,-0.4736736092984604,-0.4902797934380587,0,1
706,0,2,0,0.7407108753870755,-0.47454519624983954,-0.4736736092984604,-0.12491978668775715,0,1
707,1,2,1,1.2018099353148226,-0.47454519624983954,-0.4736736092984604,-0.3766033765200472,0,1
708,1,1,0,0.9712604053509489,-0.47454519624983954,-0.4736736092984604,-0.11913106412161445,0,1
709,1,1,1,-0.5657364610748746,-0.47454519624983954,-0.4736736092984604,2.4029901895877646,0,1
710,1,3,0,-0.10463740114712752,0.4327933656785018,0.7676298785983874,-0.3414522396297103,0,0
711,1,1,1,-0.41203677443229225,-0.47454519624983954,-0.4736736092984604,0.3483299278831318,0,0
712,0,1,0,-0.10463740114712752,-0.47454519624983954,-0.4736736092984604,-0.11384570873513637,0,1
713,1,1,0,1.432359465278696,0.4327933656785018,-0.4736736092984604,0.39858208016340624,0,1
714,0,3,0,-0.027787557825836348,-0.47454519624983954,-0.4736736092984604,-0.457478374542396,0,1
715,0,2,0,1.7397588385638607,-0.47454519624983954,-0.4736736092984604,-0.3866707201133388,0,1
716,0,3,0,-0.7962859910387481,-0.47454519624983954,-0.4736736092984604,-0.494391296561559,0,1
718,1,2,1,-0.1814872444684187,-0.47454519624983954,-0.4736736092984604,-0.43700743807979686,0,1
719,0,3,0,-0.10463740114712752,-0.47454519624983954,-0.4736736092984604,-0.3363340021468808,1,0
720,0,3,0,0.27961181545932834,-0.47454519624983954,-0.4736736092984604,-0.4918744606632361,0,1
721,1,2,1,-1.7953339542155335,-0.47454519624983954,0.7676298785983874,0.016023023618325298,0,1
722,0,3,0,-0.9499856776813305,0.4327933656785018,-0.4736736092984604,-0.5063875431873253,0,1
723,0,2,0,0.35646165878061953,-0.47454519624983954,-0.4736736092984604,-0.3866707201133388,0,1
724,0,2,0,1.5860591519212783,-0.47454519624983954,-0.4736736092984604,-0.3866707201133388,0,1
725,1,1,0,-0.1814872444684187,0.4327933656785018,-0.4736736092984604,0.4207302360686478,0,1
726,0,3,0,-0.719436147717457,-0.47454519624983954,-0.4736736092984604,-0.47400492578514347,0,1
727,1,2,1,0.04906228549545483,2.2474704895351842,-0.4736736092984604,-0.22559322262067316,0,1
728,1,3,1,-0.10463740114712752,-0.47454519624983954,-0.4736736092984604,-0.4926295114327329,1,0
729,0,2,0,-0.33518693111100106,0.4327933656785018,-0.4736736092984604,-0.12491978668775715,0,1
730,0,3,1,-0.33518693111100106,0.4327933656785018,-0.4736736092984604,-0.4888542575852486,0,1
732,0,3,0,-1.4110847376090776,-0.47454519624983954,-0.4736736092984604,-0.2701412180209885,0,0
733,0,2,0,-0.10463740114712752,-0.47454519624983954,-0.4736736092984604,-0.6484216535389205,0,1
734,0,2,0,-0.48888661775358344,-0.47454519624983954,-0.4736736092984604,-0.3866707201133388,0,1
735,0,2,0,-0.48888661775358344,-0.47454519624983954,-0.4736736092984604,-0.3866707201133388,0,1
736,0,3,0,-0.06621247948648194,-0.47454519624983954,-0.4736736092984604,-0.32425318983493084,0,1
739,0,3,0,-0.10463740114712752,-0.47454519624983954,-0.4736736092984604,-0.4894421904510968,0,1
740,0,3,0,-0.10463740114712752,-0.47454519624983954,-0.4736736092984604,-0.4894421904510968,0,1
741,1,1,0,-0.10463740114712752,-0.47454519624983954,-0.4736736092984604,-0.04438103794142432,0,1
742,0,1,0,0.5101613454232019,0.4327933656785018,-0.4736736092984604,0.9391984311231651,0,1
744,0,3,0,-0.41203677443229225,0.4327933656785018,-0.4736736092984604,-0.32425318983493084,0,1
745,1,3,0,0.12591212881674602,-0.47454519624983954,-0.4736736092984604,-0.4888542575852486,0,1
747,0,3,0,-1.0268355210026217,0.4327933656785018,0.7676298785983874,-0.24069423801061057,0,1
748,1,2,1,0.04906228549545483,-0.47454519624983954,-0.4736736092984604,-0.3866707201133388,0,1
749,0,1,0,-0.7962859910387481,0.4327933656785018,-0.4736736092984604,0.4207302360686478,0,1
750,0,3,0,0.12591212881674602,-0.47454519624983954,-0.4736736092984604,-0.49237782784290063,1,0
751,1,2,1,-1.949033640858116,0.4327933656785018,0.7676298785983874,-0.18532384824750675,0,1
752,1,3,0,-1.7953339542155335,-0.47454519624983954,0.7676298785983874,-0.397241430886295,0,1
753,0,3,0,0.27961181545932834,-0.47454519624983954,-0.4736736092984604,-0.45714212526638004,0,1
754,0,3,0,-0.48888661775358344,-0.47454519624983954,-0.4736736092984604,-0.4894421904510968,0,1
755,1,2,1,1.432359465278696,0.4327933656785018,2.0089333664952354,0.6603330135889879,0,1
756,1,2,0,-2.204943619118015,0.4327933656785018,0.7676298785983874,-0.35646868933346404,0,1
757,0,3,0,-0.10463740114712752,-0.47454519624983954,-0.4736736092984604,-0.49145565916975514,0,1
758,0,2,0,-0.8731358343600393,-0.47454519624983954,-0.4736736092984604,-0.41687275089321363,0,1
759,0,3,0,0.35646165878061953,-0.47454519624983954,-0.4736736092984604,-0.4863374216869257,0,1
760,1,1,1,0.27961181545932834,-0.47454519624983954,-0.4736736092984604,1.093228788100527,0,1
761,0,3,0,-0.10463740114712752,-0.47454519624983954,-0.4736736092984604,-0.35646868933346404,0,1
762,0,3,0,0.8944105620296577,-0.47454519624983954,-0.4736736092984604,-0.5049620073345151,0,1
763,1,3,0,-0.719436147717457,-0.47454519624983954,-0.4736736092984604,-0.5028639729296732,0,0
764,1,1,1,0.5101613454232019,0.4327933656785018,2.0089333664952354,1.7677408088510642,0,1
765,0,3,0,-1.0268355210026217,-0.47454519624983954,-0.4736736092984604,-0.4918744606632361,0,1
766,1,1,1,1.6629089952425695,0.4327933656785018,-0.4736736092984604,0.921244330558889,0,1
767,0,1,0,-0.10463740114712752,-0.47454519624983954,-0.4736736092984604,0.1489119590497745,0,0
768,0,3,1,0.08748720715610042,-0.47454519624983954,-0.4736736092984604,-0.49237782784290063,1,0
769,0,3,0,-0.10463740114712752,0.4327933656785018,-0.4736736092984604,-0.1621689579829361,1,0
770,0,3,0,0.20276197213803718,-0.47454519624983954,-0.4736736092984604,-0.4800453319411184,0,1
771,0,3,0,-0.41203677443229225,-0.47454519624983954,-0.4736736092984604,-0.45714212526638004,0,1
772,0,3,0,1.432359465278696,-0.47454519624983954,-0.4736736092984604,-0.4902797934380587,0,1
773,0,2,1,2.1240080551703167,-0.47454519624983954,-0.4736736092984604,-0.43700743807979686,0,1
774,0,3,0,-0.10463740114712752,-0.47454519624983954,-0.4736736092984604,-0.5029485386158568,0,0
776,0,3,0,-0.8731358343600393,-0.47454519624983954,-0.4736736092984604,-0.49237782784290063,0,1
777,0,3,0,-0.10463740114712752,-0.47454519624983954,-0.4736736092984604,-0.49237782784290063,1,0
778,1,3,1,-1.8721837975368247,-0.47454519624983954,-0.4736736092984604,-0.397241430886295,0,1
779,0,3,0,-0.10463740114712752,-0.47454519624983954,-0.4736736092984604,-0.4926295114327329,1,0
781,1,3,1,-1.2573850509664952,-0.47454519624983954,-0.4736736092984604,-0.5028639729296732,0,0
782,1,1,1,-0.9499856776813305,0.4327933656785018,-0.4736736092984604,0.49925551609632224,0,1
783,0,1,0,-0.027787557825836348,-0.47454519624983954,-0.4736736092984604,-0.04438103794142432,0,1
784,0,3,0,-0.10463740114712752,0.4327933656785018,2.0089333664952354,-0.17626323901354432,0,1
785,0,3,0,-0.33518693111100106,-0.47454519624983954,-0.4736736092984604,-0.5064721088735089,0,1
786,0,3,0,-0.33518693111100106,-0.47454519624983954,-0.4736736092984604,-0.5024451714361923,0,1
787,1,3,1,-0.8731358343600393,-0.47454519624983954,-0.4736736092984604,-0.4974960653257301,0,1
789,1,3,0,-2.1795831708219895,0.4327933656785018,2.0089333664952354,-0.23415046467497105,0,1
790,0,1,0,1.2786597786361138,-0.47454519624983954,-0.4736736092984604,0.9462455716384695,0,0
791,0,3,0,-0.10463740114712752,-0.47454519624983954,-0.4736736092984604,-0.49237782784290063,1,0
792,0,2,0,-1.0268355210026217,-0.47454519624983954,-0.4736736092984604,-0.12491978668775715,0,1
794,0,1,0,-0.10463740114712752,-0.47454519624983954,-0.4736736092984604,-0.030371322596999754,0,0
795,0,3,0,-0.33518693111100106,-0.47454519624983954,-0.4736736092984604,-0.4894421904510968,0,1
796,0,2,0,0.7407108753870755,-0.47454519624983954,-0.4736736092984604,-0.3866707201133388,0,1
797,1,1,1,1.5092093085999871,-0.47454519624983954,-0.4736736092984604,-0.1263453225405672,0,1
798,1,3,1,0.12591212881674602,-0.47454519624983954,-0.4736736092984604,-0.4735861242916626,0,1
799,0,3,0,0.04906228549545483,-0.47454519624983954,-0.4736736092984604,-0.5028639729296732,0,0
800,0,3,1,0.04906228549545483,0.4327933656785018,0.7676298785983874,-0.1621689579829361,0,1
801,0,2,0,0.35646165878061953,-0.47454519624983954,-0.4736736092984604,-0.3866707201133388,0,1
802,1,2,1,0.12591212881674602,0.4327933656785018,0.7676298785983874,-0.11988611489111134,0,1
803,1,1,0,-1.4110847376090776,0.4327933656785018,2.0089333664952354,1.7677408088510642,0,1
804,1,3,0,-2.224156079948338,-0.47454519624983954,0.7676298785983874,-0.47694056317694733,0,0
805,1,3,0,-0.1814872444684187,-0.47454519624983954,-0.4736736092984604,-0.5079822104125026,0,1
806,0,3,0,0.12591212881674602,-0.47454519624983954,-0.4736736092984604,-0.4918744606632361,0,1
807,0,1,0,0.7407108753870755,-0.47454519624983954,-0.4736736092984604,-0.6484216535389205,0,1
808,0,3,1,-0.8731358343600393,-0.47454519624983954,-0.4736736092984604,-0.4918744606632361,0,1
809,0,2,0,0.7407108753870755,-0.47454519624983954,-0.4736736092984604,-0.3866707201133388,0,1
810,1,1,1,0.27961181545932834,0.4327933656785018,-0.4736736092984604,0.4207302360686478,0,1
811,0,3,0,-0.2583370877897099,-0.47454519624983954,-0.4736736092984604,-0.4896093083547455,0,1
812,0,3,0,0.7407108753870755,-0.47454519624983954,-0.4736736092984604,-0.1621689579829361,0,1
813,0,2,0,0.4333115021019107,-0.47454519624983954,-0.4736736092984604,-0.43700743807979686,0,1
815,0,3,0,0.08748720715610042,-0.47454519624983954,-0.4736736092984604,-0.4863374216869257,0,1
816,0,1,0,-0.10463740114712752,-0.47454519624983954,-0.4736736092984604,-0.6484216535389205,0,1
817,0,3,1,-0.48888661775358344,-0.47454519624983954,-0.4736736092984604,-0.4888542575852486,0,1
818,0,2,0,0.12591212881674602,0.4327933656785018,0.7676298785983874,0.09664633805084172,0,0
819,0,3,0,1.0481102486722402,-0.47454519624983954,-0.4736736092984604,-0.5185529211854588,0,1
820,0,3,0,-1.4879345809303688,2.2474704895351842,2.0089333664952354,-0.08666388103324908,0,1
821,1,1,1,1.7397588385638607,0.4327933656785018,0.7676298785983874,1.2341715984066093,0,1
822,1,3,0,-0.1814872444684187,-0.47454519624983954,-0.4736736092984604,-0.47400492578514347,0,1
823,0,1,0,0.6638610320657843,-0.47454519624983954,-0.4736736092984604,-0.6484216535389205,0,1
824,1,3,1,-0.1814872444684187,-0.47454519624983954,0.7676298785983874,-0.397241430886295,0,1
826,0,3,0,-0.10463740114712752,-0.47454519624983954,-0.4736736092984604,-0.5084855775921673,1,0
827,0,3,0,-0.10463740114712752,-0.47454519624983954,-0.4736736092984604,0.48910360681684706,0,1
828,1,2,0,-2.1795831708219895,-0.47454519624983954,2.0089333664952354,0.09664633805084172,0,0
829,1,3,0,-0.10463740114712752,-0.47454519624983954,-0.4736736092984604,-0.49237782784290063,1,0
830,1,1,1,2.5082572717767726,-0.47454519624983954,-0.4736736092984604,0.962353321387736,0,1
831,1,3,1,-1.1036853643239128,0.4327933656785018,-0.4736736092984604,-0.3573908580066095,0,0
832,1,2,0,-2.192647644186609,0.4327933656785018,0.7676298785983874,-0.2708962687904854,0,1
833,0,3,0,-0.10463740114712752,-0.47454519624983954,-0.4736736092984604,-0.5028639729296732,0,0
834,0,3,0,-0.48888661775358344,-0.47454519624983954,-0.4736736092984604,-0.4902797934380587,0,1
835,0,3,0,-0.8731358343600393,-0.47454519624983954,-0.4736736092984604,-0.48130374989027985,0,1
836,1,1,1,0.7407108753870755,0.4327933656785018,0.7676298785983874,1.0259447039291216,0,0
837,0,3,0,-0.6425863043961658,-0.47454519624983954,-0.4736736092984604,-0.47400492578514347,0,1
838,0,3,0,-0.10463740114712752,-0.47454519624983954,-0.4736736092984604,-0.4863374216869257,0,1
839,1,3,0,0.20276197213803718,-0.47454519624983954,-0.4736736092984604,0.48910360681684706,0,1
840,1,1,0,-0.10463740114712752,-0.47454519624983954,-0.4736736092984604,-0.05042144409739929,0,0
841,0,3,0,-0.719436147717457,-0.47454519624983954,-0.4736736092984604,-0.4888542575852486,0,1
842,0,2,0,-1.0268355210026217,-0.47454519624983954,-0.4736736092984604,-0.43700743807979686,0,1
843,1,1,1,0.04906228549545483,-0.47454519624983954,-0.4736736092984604,-0.024246350754841113,0,0
844,0,3,0,0.3948865804412651,-0.47454519624983954,-0.4736736092984604,-0.5188046047752911,0,0
845,0,3,0,-0.9499856776813305,-0.47454519624983954,-0.4736736092984604,-0.47400492578514347,0,1
846,0,3,0,0.9712604053509489,-0.47454519624983954,-0.4736736092984604,-0.49640476528021726,0,1
848,0,3,0,0.4333115021019107,-0.47454519624983954,-0.4736736092984604,-0.4894421904510968,0,0
849,0,2,0,-0.10463740114712752,-0.47454519624983954,0.7676298785983874,0.016023023618325298,0,1
850,1,1,1,-0.10463740114712752,0.4327933656785018,-0.4736736092984604,1.145663540471827,0,0
853,0,3,1,-1.56478442425166,0.4327933656785018,0.7676298785983874,-0.3414522396297103,0,0
854,1,1,1,-1.0268355210026217,-0.47454519624983954,0.7676298785983874,0.14488502161245778,0,1
855,0,2,1,1.1249600919935314,0.4327933656785018,-0.4736736092984604,-0.12491978668775715,0,1
856,1,3,1,-0.8731358343600393,-0.47454519624983954,0.7676298785983874,-0.4601623283443675,0,1
857,1,1,1,1.2018099353148226,0.4327933656785018,0.7676298785983874,2.671117778445337,0,1
858,1,1,0,1.6629089952425695,-0.47454519624983954,-0.4736736092984604,-0.11384570873513637,0,1
860,0,3,0,-0.10463740114712752,-0.47454519624983954,-0.4736736092984604,-0.5028639729296732,0,0
861,0,3,0,0.8944105620296577,1.340131927606843,-0.4736736092984604,-0.36435544630444866,0,1
862,0,2,0,-0.6425863043961658,0.4327933656785018,-0.4736736092984604,-0.41687275089321363,0,1
863,1,1,1,1.432359465278696,-0.47454519624983954,-0.4736736092984604,-0.1263453225405672,0,1
865,0,2,0,-0.41203677443229225,-0.47454519624983954,-0.4736736092984604,-0.3866707201133388,0,1
866,1,2,1,0.9712604053509489,-0.47454519624983954,-0.4736736092984604,-0.3866707201133388,0,1
867,1,2,1,-0.1814872444684187,0.4327933656785018,-0.4736736092984604,-0.3693891181010945,0,0
868,0,1,0,0.12591212881674602,-0.47454519624983954,-0.4736736092984604,0.3682954836973478,0,1
869,0,3,0,-0.10463740114712752,-0.47454519624983954,-0.4736736092984604,-0.45714212526638004,0,1
870,1,3,0,-1.949033640858116,0.4327933656785018,0.7676298785983874,-0.4242561406845337,0,1
871,0,3,0,-0.2583370877897099,-0.47454519624983954,-0.4736736092984604,-0.4894421904510968,0,1
872,1,1,1,1.3555096219574048,0.4327933656785018,0.7676298785983874,0.40974072380221066,0,1
873,0,1,0,0.27961181545932834,-0.47454519624983954,-0.4736736092984604,-0.5477482176060045,0,1
874,0,3,0,1.3555096219574048,-0.47454519624983954,-0.4736736092984604,-0.46720946885967163,0,1
875,1,2,1,-0.10463740114712752,0.4327933656785018,-0.4736736092984604,-0.16518916106092355,0,0
876,1,3,1,-1.1036853643239128,-0.47454519624983954,-0.4736736092984604,-0.5029485386158568,0,0
877,0,3,0,-0.719436147717457,-0.47454519624983954,-0.4736736092984604,-0.45017955043725955,0,1
878,0,3,0,-0.7962859910387481,-0.47454519624983954,-0.4736736092984604,-0.4894421904510968,0,1
879,0,3,0,-0.10463740114712752,-0.47454519624983954,-0.4736736092984604,-0.4894421904510968,0,1
880,1,1,1,2.0471582118490255,-0.47454519624983954,0.7676298785983874,1.0259447039291216,0,0
881,1,2,1,-0.33518693111100106,-0.47454519624983954,0.7676298785983874,-0.12491978668775715,0,1
882,0,3,0,0.27961181545932834,-0.47454519624983954,-0.4736736092984604,-0.4894421904510968,0,1
883,0,3,1,-0.5657364610748746,-0.47454519624983954,-0.4736736092984604,-0.4366711888037809,0,1
884,0,2,0,-0.10463740114712752,-0.47454519624983954,-0.4736736092984604,-0.43700743807979686,0,1
885,0,3,0,-0.33518693111100106,-0.47454519624983954,-0.4736736092984604,-0.5064721088735089,0,1
887,0,2,0,-0.1814872444684187,-0.47454519624983954,-0.4736736092984604,-0.3866707201133388,0,1
888,1,1,1,-0.7962859910387481,-0.47454519624983954,-0.4736736092984604,-0.04438103794142432,0,1
889,0,3,1,-0.10463740114712752,0.4327933656785018,2.0089333664952354,-0.17626323901354432,0,1
890,1,1,0,-0.2583370877897099,-0.47454519624983954,-0.4736736092984604,-0.04438103794142432,0,0
891,0,3,0,0.20276197213803718,-0.47454519624983954,-0.4736736092984604,-0.49237782784290063,1,0
